step,train_loss,valid_loss,type_loss,beat_loss,position_loss,pitch_loss,duration_loss,instrument_loss
1000,6.987360525131225,6.705368081728618,0.0026333386776968837,0.09437816465894382,0.2107332410911719,0.7175344576438268,0.6479373772939047,0.003125462894483159
2000,6.06406455039978,5.8886615832646685,0.0014908161441174645,0.07441255263984203,0.18331552917758623,0.5879565725723902,0.6234643658002218,0.0015255502269913752
3000,5.312189340591431,5.112881422042847,0.001381879662706827,0.06222432944923639,0.15394528210163116,0.4843382512529691,0.5749636391798655,0.001366960500793842
4000,4.195233964920044,4.0820191105206804,0.001545011162913094,0.051456362940371037,0.1235116043438514,0.3744419614473979,0.46819180250167847,0.0013580239028669894
5000,3.89148690700531,3.815615733464559,0.001375214730311806,0.046843968952695526,0.11246146075427532,0.3468521386384964,0.44501647849877674,0.0013546582680040349
